Profile,Year,Goals,Assists,Plus,Minus,Penalties,Shots,Icetime_seconds,Hits,Shots_blocked,Penalties_against,Rating
https://en.khl.ru/players/10162/,2015/2016,8,16,39,29,58,145,79260,56.0,56.0,4.0,147.65
https://en.khl.ru/players/10176/,2016/2017,9,18,49,15,12,155,62030,43.0,75.0,6.0,241.72
https://en.khl.ru/players/10176/,2018/2019,6,10,28,10,8,93,47840,36.0,53.0,9.0,152.75
https://en.khl.ru/players/10176/,2019/2020,4,8,29,18,8,58,41674,31.0,49.0,7.0,110.69
https://en.khl.ru/players/10546/,2015/2016,3,16,24,17,42,76,64465,43.0,42.0,12.0,127.47
https://en.khl.ru/players/10546/,2016/2017,6,6,28,22,51,83,57682,37.0,62.0,5.0,80.08999999999999
https://en.khl.ru/players/10546/,2019/2020,7,28,46,32,34,108,77443,33.0,113.0,5.0,216.95999999999998
https://en.khl.ru/players/10546/,2020/2021,4,17,30,40,36,108,65014,18.0,102.0,6.0,106.47
https://en.khl.ru/players/11032/,2017/2018,0,11,28,29,24,60,62207,35.0,54.0,2.0,71.17999999999999
https://en.khl.ru/players/11034/,2014/2015,3,13,23,11,26,104,49098,50.0,19.0,6.0,126.24
https://en.khl.ru/players/11034/,2016/2017,2,20,44,24,36,159,75543,19.0,26.0,7.0,170.86
https://en.khl.ru/players/11034/,2017/2018,11,19,41,29,34,170,71367,29.0,28.0,7.0,182.94
https://en.khl.ru/players/11034/,2018/2019,8,22,53,34,22,181,78057,23.0,42.0,5.0,209.04999999999998
https://en.khl.ru/players/12800/,2017/2018,4,8,15,34,32,76,56554,17.0,53.0,2.0,25.939999999999998
https://en.khl.ru/players/12802/,2014/2015,10,17,36,29,56,178,66905,72.0,33.0,2.0,154.97
https://en.khl.ru/players/12802/,2015/2016,5,9,25,21,38,96,37501,32.0,16.0,6.0,84.76
https://en.khl.ru/players/12802/,2016/2017,12,10,26,31,46,186,53415,49.0,46.0,2.0,110.58999999999999
https://en.khl.ru/players/12802/,2017/2018,9,10,28,24,50,144,44019,82.0,38.0,5.0,122.25
https://en.khl.ru/players/12810/,2017/2018,5,28,46,39,42,83,71338,15.0,48.0,3.0,162.24
https://en.khl.ru/players/12810/,2018/2019,2,12,39,26,20,68,62710,12.0,55.0,4.0,111.91
https://en.khl.ru/players/13167/,2014/2015,8,23,49,37,19,137,74895,42.0,50.0,10.0,207.04999999999998
https://en.khl.ru/players/13167/,2015/2016,6,6,27,33,18,100,57374,57.0,46.0,1.0,72.49
https://en.khl.ru/players/13167/,2017/2018,2,12,34,16,10,54,50357,25.0,57.0,4.0,128.73
https://en.khl.ru/players/13252/,2014/2015,4,9,22,21,64,54,35705,44.0,19.0,0.0,44.65
https://en.khl.ru/players/13256/,2014/2015,3,13,31,38,18,71,65829,78.0,87.0,7.0,111.22999999999999
https://en.khl.ru/players/13332/,2015/2016,6,5,26,22,22,46,47807,17.0,38.0,3.0,64.91
https://en.khl.ru/players/13446/,2014/2015,6,8,37,27,30,76,56420,61.0,56.0,5.0,113.09
https://en.khl.ru/players/13446/,2016/2017,7,5,15,19,45,85,54332,20.0,40.0,4.0,49.19
https://en.khl.ru/players/13446/,2017/2018,5,16,37,36,28,80,61823,25.0,46.0,4.0,111.74
https://en.khl.ru/players/13446/,2018/2019,2,9,17,20,14,43,51654,11.0,54.0,1.0,57.04
https://en.khl.ru/players/13483/,2016/2017,2,14,42,38,102,51,65539,58.0,130.0,2.0,78.96000000000001
https://en.khl.ru/players/13483/,2017/2018,6,6,19,20,82,58,44823,30.0,61.0,5.0,39.6
https://en.khl.ru/players/13806/,2018/2019,3,11,44,22,32,53,55996,61.0,89.0,7.0,147.31
https://en.khl.ru/players/13806/,2019/2020,2,9,29,40,45,81,59235,53.0,82.0,8.0,63.8
https://en.khl.ru/players/13928/,2015/2016,4,7,30,31,40,68,59055,117.0,55.0,12.0,101.44
https://en.khl.ru/players/13928/,2016/2017,4,13,29,24,38,70,63065,93.0,83.0,7.0,130.46
https://en.khl.ru/players/13928/,2019/2020,4,8,11,19,18,83,37337,31.0,51.0,9.0,74.22999999999999
https://en.khl.ru/players/14260/,2015/2016,4,7,23,19,22,82,55712,36.0,39.0,4.0,82.62
https://en.khl.ru/players/14267/,2015/2016,6,8,36,22,22,75,73703,7.0,45.0,3.0,103.64
https://en.khl.ru/players/14267/,2019/2020,5,15,34,37,30,82,69323,14.0,70.0,3.0,99.24
https://en.khl.ru/players/14267/,2020/2021,3,14,33,47,52,71,66998,11.0,74.0,4.0,53.62
https://en.khl.ru/players/14267/,2021/2022,2,9,18,16,14,40,32632,3.0,39.0,3.0,64.49
https://en.khl.ru/players/14291/,2014/2015,4,10,28,32,24,84,52902,33.0,25.0,8.0,81.15
https://en.khl.ru/players/14291/,2015/2016,11,24,49,40,22,137,71758,48.0,55.0,5.0,205.68
https://en.khl.ru/players/14291/,2016/2017,10,10,33,41,16,118,69781,30.0,53.0,2.0,97.45
https://en.khl.ru/players/14291/,2017/2018,4,7,27,35,34,94,54638,48.0,45.0,4.0,58.9
https://en.khl.ru/players/14291/,2018/2019,8,9,38,36,18,108,63527,59.0,45.0,2.0,111.7
https://en.khl.ru/players/14307/,2014/2015,4,10,45,36,18,52,65064,87.0,68.0,5.0,125.99
https://en.khl.ru/players/14364/,2016/2017,8,7,31,30,31,99,72001,70.0,56.0,10.0,112.05
https://en.khl.ru/players/14443/,2014/2015,3,10,39,34,34,117,63973,67.0,52.0,10.0,119.13999999999999
https://en.khl.ru/players/14443/,2015/2016,9,8,31,32,38,121,55000,115.0,41.0,7.0,119.71
https://en.khl.ru/players/14443/,2016/2017,4,8,20,29,39,89,51533,57.0,55.0,6.0,65.16
https://en.khl.ru/players/14443/,2017/2018,4,7,22,23,35,89,45753,60.0,50.0,5.0,77.81
https://en.khl.ru/players/14443/,2019/2020,5,7,32,35,18,122,66033,72.0,53.0,8.0,103.91
https://en.khl.ru/players/14529/,2014/2015,1,10,18,39,44,89,56600,87.0,113.0,5.0,57.779999999999994
https://en.khl.ru/players/14556/,2014/2015,2,16,40,27,45,40,72314,61.0,54.0,2.0,118.24
https://en.khl.ru/players/14556/,2015/2016,0,12,28,25,28,52,65978,53.0,81.0,2.0,91.17
https://en.khl.ru/players/14556/,2017/2018,0,12,26,24,43,41,57634,38.0,82.0,4.0,77.55
https://en.khl.ru/players/14556/,2020/2021,0,12,31,22,16,27,42430,50.0,41.0,3.0,96.44
https://en.khl.ru/players/14592/,2014/2015,3,10,37,13,56,79,55922,227.0,70.0,4.0,176.98
https://en.khl.ru/players/14651/,2016/2017,11,26,41,17,18,144,58886,45.0,40.0,2.0,238.06
https://en.khl.ru/players/14651/,2017/2018,9,14,23,19,18,121,47071,29.0,41.0,6.0,138.62
https://en.khl.ru/players/14651/,2019/2020,11,30,49,45,17,166,86852,29.0,81.0,11.0,240.85999999999999
https://en.khl.ru/players/14651/,2021/2022,5,26,22,32,20,111,51656,26.0,40.0,5.0,140.99
https://en.khl.ru/players/14691/,2014/2015,9,8,17,23,10,99,43874,40.0,15.0,2.0,82.41
https://en.khl.ru/players/14691/,2015/2016,4,10,23,24,24,88,52990,35.0,38.0,5.0,86.07
https://en.khl.ru/players/14691/,2017/2018,5,12,29,20,24,80,62789,26.0,32.0,2.0,106.85
https://en.khl.ru/players/14691/,2018/2019,3,24,29,27,18,60,54607,22.0,33.0,2.0,133.85
https://en.khl.ru/players/14732/,2016/2017,5,17,26,22,24,84,47807,60.0,29.0,1.0,124.98
https://en.khl.ru/players/14732/,2017/2018,7,11,23,19,23,90,52556,53.0,52.0,5.0,118.69
https://en.khl.ru/players/14732/,2018/2019,2,9,16,9,6,42,23557,34.0,13.0,2.0,80.57
https://en.khl.ru/players/14732/,2019/2020,6,13,31,19,10,61,40233,44.0,29.0,1.0,126.61
https://en.khl.ru/players/14732/,2020/2021,4,13,24,15,6,60,36304,29.0,18.0,0.0,107.42
https://en.khl.ru/players/14737/,2016/2017,0,11,35,25,53,103,59070,165.0,50.0,14.0,145.96
https://en.khl.ru/players/14737/,2017/2018,1,10,34,7,61,44,37760,100.0,29.0,2.0,116.31
https://en.khl.ru/players/14737/,2021/2022,1,10,29,11,31,45,32601,87.0,40.0,2.0,113.61
https://en.khl.ru/players/14782/,2014/2015,4,17,32,31,22,73,68957,24.0,52.0,4.0,115.63
https://en.khl.ru/players/14782/,2016/2017,3,10,14,27,10,56,51247,18.0,44.0,4.0,53.46
https://en.khl.ru/players/14856/,2014/2015,5,12,42,23,56,107,60493,129.0,65.0,8.0,164.82999999999998
https://en.khl.ru/players/14856/,2015/2016,8,10,28,41,87,137,67317,76.0,113.0,4.0,76.14999999999999
https://en.khl.ru/players/14856/,2016/2017,4,10,45,12,26,95,44719,42.0,72.0,5.0,168.24
https://en.khl.ru/players/14856/,2017/2018,5,13,27,20,81,124,50457,53.0,50.0,7.0,105.17
https://en.khl.ru/players/14856/,2018/2019,9,10,36,45,22,154,71506,26.0,99.0,5.0,112.59
https://en.khl.ru/players/14864/,2016/2017,3,15,40,17,37,49,42722,22.0,45.0,3.0,132.53
https://en.khl.ru/players/14864/,2017/2018,4,12,32,15,20,49,41461,28.0,29.0,2.0,115.98
https://en.khl.ru/players/14864/,2018/2019,7,14,33,21,37,70,57272,33.0,21.0,4.0,120.69
https://en.khl.ru/players/14867/,2017/2018,6,9,27,14,30,111,70183,67.0,52.0,13.0,145.78
https://en.khl.ru/players/14881/,2016/2017,2,10,39,40,66,51,65906,36.0,73.0,7.0,61.7
https://en.khl.ru/players/14894/,2014/2015,4,12,29,20,48,66,54363,47.0,38.0,5.0,100.22999999999999
https://en.khl.ru/players/14894/,2015/2016,4,13,24,9,41,69,60388,38.0,50.0,0.0,112.10000000000001
https://en.khl.ru/players/14894/,2016/2017,2,20,25,18,32,102,55484,41.0,52.0,4.0,139.62
https://en.khl.ru/players/14894/,2017/2018,0,16,31,10,24,74,54359,34.0,51.0,7.0,148.38
https://en.khl.ru/players/14894/,2019/2020,4,14,52,25,24,56,63763,49.0,71.0,8.0,172.57
https://en.khl.ru/players/14894/,2020/2021,4,14,35,27,75,42,54187,39.0,74.0,4.0,90.58999999999999
https://en.khl.ru/players/14981/,2015/2016,2,16,34,37,53,107,63850,67.0,59.0,5.0,103.47
https://en.khl.ru/players/14983/,2014/2015,4,12,26,18,32,79,42723,34.0,40.0,11.0,117.63
https://en.khl.ru/players/14983/,2015/2016,6,9,26,18,34,84,49518,44.0,47.0,13.0,119.32000000000001
https://en.khl.ru/players/14983/,2017/2018,2,11,27,32,39,85,55017,65.0,66.0,10.0,91.8
https://en.khl.ru/players/14983/,2020/2021,4,7,27,40,32,119,62448,47.0,56.0,6.0,61.25
https://en.khl.ru/players/150/,2014/2015,2,13,35,18,30,56,58670,64.0,50.0,7.0,134.99
https://en.khl.ru/players/15278/,2015/2016,3,17,31,35,39,136,78335,65.0,70.0,6.0,126.41999999999999
https://en.khl.ru/players/15278/,2016/2017,7,16,29,24,18,120,67193,49.0,43.0,9.0,155.07
https://en.khl.ru/players/15278/,2017/2018,2,9,14,20,12,75,44659,20.0,27.0,4.0,60.449999999999996
https://en.khl.ru/players/15279/,2015/2016,2,12,34,25,26,87,69103,71.0,106.0,13.0,149.9
https://en.khl.ru/players/15279/,2016/2017,6,8,28,38,24,96,75215,57.0,82.0,8.0,89.65
https://en.khl.ru/players/15282/,2014/2015,5,12,28,35,60,84,67846,41.0,48.0,5.0,67.86
https://en.khl.ru/players/15282/,2021/2022,5,6,10,17,23,51,37320,19.0,39.0,1.0,40.03
https://en.khl.ru/players/15299/,2014/2015,3,14,40,23,16,56,72886,57.0,60.0,9.0,154.32
https://en.khl.ru/players/15299/,2015/2016,8,12,37,23,22,69,67286,49.0,59.0,7.0,147.37
https://en.khl.ru/players/15299/,2016/2017,1,10,24,18,20,54,44051,17.0,52.0,5.0,84.86
https://en.khl.ru/players/15299/,2019/2020,8,16,35,24,10,88,75024,29.0,61.0,9.0,166.76999999999998
https://en.khl.ru/players/15299/,2020/2021,4,8,19,19,16,69,38303,17.0,26.0,6.0,73.78
https://en.khl.ru/players/15299/,2021/2022,5,12,33,33,18,78,54960,34.0,41.0,9.0,108.86
https://en.khl.ru/players/15317/,2014/2015,14,19,44,38,39,132,71807,38.0,40.0,4.0,168.22
https://en.khl.ru/players/15317/,2015/2016,8,32,49,49,16,164,91376,41.0,64.0,6.0,222.54
https://en.khl.ru/players/15317/,2016/2017,9,24,51,52,40,145,85462,42.0,61.0,6.0,172.48999999999998
https://en.khl.ru/players/15317/,2017/2018,7,24,44,48,37,148,71876,36.0,50.0,3.0,152.56
https://en.khl.ru/players/15317/,2018/2019,5,14,32,32,20,133,64486,39.0,58.0,3.0,122.48
https://en.khl.ru/players/15416/,2014/2015,2,18,27,36,24,77,75292,84.0,36.0,4.0,106.31
https://en.khl.ru/players/15416/,2015/2016,5,6,29,25,46,68,57036,55.0,42.0,9.0,80.45
https://en.khl.ru/players/15416/,2016/2017,4,14,23,31,30,88,65303,25.0,74.0,3.0,86.67
https://en.khl.ru/players/15416/,2017/2018,2,11,25,18,28,71,48002,40.0,36.0,2.0,90.48
https://en.khl.ru/players/15416/,2018/2019,3,11,26,29,16,102,58247,29.0,57.0,4.0,92.0
https://en.khl.ru/players/15416/,2019/2020,2,12,43,26,30,69,56819,25.0,69.0,9.0,131.23
https://en.khl.ru/players/15416/,2020/2021,6,30,45,26,18,123,71804,35.0,72.0,4.0,233.82
https://en.khl.ru/players/15416/,2021/2022,5,21,45,37,36,92,59544,31.0,65.0,7.0,157.04
https://en.khl.ru/players/15533/,2014/2015,4,9,31,30,12,58,59815,60.0,28.0,12.0,104.56
https://en.khl.ru/players/15533/,2016/2017,4,8,27,15,27,46,40068,40.0,34.0,3.0,90.83
https://en.khl.ru/players/15533/,2017/2018,9,11,23,28,26,83,52824,31.0,50.0,7.0,99.46000000000001
https://en.khl.ru/players/15564/,2015/2016,2,15,25,30,22,66,53532,73.0,78.0,2.0,104.09
https://en.khl.ru/players/15564/,2016/2017,4,17,46,22,16,100,63045,46.0,65.0,5.0,184.68
https://en.khl.ru/players/15564/,2017/2018,9,13,36,18,12,112,62544,36.0,63.0,4.0,169.37
https://en.khl.ru/players/15564/,2019/2020,5,7,36,18,10,115,59926,15.0,102.0,7.0,143.87
https://en.khl.ru/players/15564/,2020/2021,4,7,18,17,8,47,36386,15.0,54.0,2.0,70.22
https://en.khl.ru/players/15567/,2014/2015,5,14,39,43,39,79,73610,81.0,51.0,11.0,117.16
https://en.khl.ru/players/15567/,2015/2016,4,8,15,21,37,55,45527,34.0,45.0,3.0,50.09
https://en.khl.ru/players/15586/,2015/2016,3,10,28,24,40,32,56638,117.0,52.0,7.0,103.2
https://en.khl.ru/players/15586/,2017/2018,2,9,27,23,66,36,66746,76.0,68.0,7.0,74.17
https://en.khl.ru/players/15609/,2020/2021,6,16,39,44,28,126,71325,23.0,63.0,5.0,117.85
https://en.khl.ru/players/15609/,2021/2022,1,11,16,20,18,98,44985,30.0,31.0,2.0,71.85
https://en.khl.ru/players/15619/,2014/2015,6,6,32,14,66,64,57046,66.0,39.0,13.0,109.89
https://en.khl.ru/players/15644/,2016/2017,3,8,27,28,30,75,72297,34.0,67.0,4.0,73.85
https://en.khl.ru/players/15644/,2017/2018,8,5,18,23,30,79,49694,16.0,53.0,6.0,63.07
https://en.khl.ru/players/15644/,2018/2019,8,9,28,39,34,115,72608,27.0,79.0,8.0,86.5
https://en.khl.ru/players/15646/,2019/2020,3,8,26,18,48,60,63399,86.0,67.0,5.0,95.67
https://en.khl.ru/players/15646/,2020/2021,3,10,32,33,48,96,70581,90.0,59.0,7.0,96.55
https://en.khl.ru/players/15661/,2014/2015,7,8,27,34,20,69,58839,15.0,48.0,7.0,72.81
https://en.khl.ru/players/15661/,2016/2017,6,15,45,15,51,61,53600,24.0,40.0,8.0,159.13
https://en.khl.ru/players/15661/,2019/2020,8,8,33,33,40,123,75389,18.0,70.0,13.0,108.14
https://en.khl.ru/players/15661/,2020/2021,8,19,45,40,26,153,80425,27.0,86.0,8.0,176.15
https://en.khl.ru/players/15661/,2021/2022,2,14,45,39,18,81,63023,15.0,83.0,3.0,115.85
https://en.khl.ru/players/15732/,2015/2016,2,12,27,26,30,76,58325,45.0,52.0,7.0,96.75
https://en.khl.ru/players/15738/,2015/2016,1,10,20,24,61,42,40201,64.0,52.0,3.0,47.94
https://en.khl.ru/players/15787/,2014/2015,3,9,31,31,18,73,60097,27.0,48.0,15.0,100.22
https://en.khl.ru/players/15836/,2014/2015,0,14,32,29,20,36,48734,56.0,59.0,4.0,99.91999999999999
https://en.khl.ru/players/15836/,2015/2016,2,11,20,24,40,33,44154,38.0,46.0,1.0,52.26
https://en.khl.ru/players/15852/,2016/2017,3,12,34,30,38,117,74163,63.0,75.0,7.0,121.5
https://en.khl.ru/players/15910/,2017/2018,2,12,26,15,12,50,46780,8.0,41.0,2.0,99.3
https://en.khl.ru/players/15910/,2018/2019,2,17,44,16,18,70,66240,22.0,80.0,4.0,174.09
https://en.khl.ru/players/15910/,2019/2020,6,15,49,20,26,75,68359,11.0,77.0,4.0,172.47
https://en.khl.ru/players/15910/,2020/2021,7,17,47,33,18,127,75498,28.0,118.0,7.0,188.75
https://en.khl.ru/players/15910/,2021/2022,4,21,38,28,28,78,53599,35.0,53.0,4.0,152.06
https://en.khl.ru/players/15947/,2016/2017,6,8,21,19,26,80,46510,89.0,31.0,7.0,104.42999999999999
https://en.khl.ru/players/15947/,2017/2018,5,6,16,19,6,75,29763,36.0,14.0,2.0,64.42
https://en.khl.ru/players/15947/,2020/2021,6,6,25,21,20,92,41674,34.0,31.0,4.0,85.27
https://en.khl.ru/players/15993/,2017/2018,3,16,24,16,16,103,49905,42.0,33.0,7.0,138.69
https://en.khl.ru/players/15993/,2018/2019,4,14,31,15,20,93,51717,38.0,30.0,4.0,138.51
https://en.khl.ru/players/15993/,2019/2020,7,16,37,30,24,95,66552,37.0,54.0,6.0,144.5
https://en.khl.ru/players/15993/,2021/2022,5,28,35,24,26,110,62822,21.0,51.0,6.0,192.72
https://en.khl.ru/players/15999/,2014/2015,5,16,43,31,4,74,67695,21.0,61.0,9.0,158.77
https://en.khl.ru/players/15999/,2015/2016,6,9,48,39,8,72,68195,25.0,56.0,9.0,124.42999999999999
https://en.khl.ru/players/15999/,2016/2017,6,18,44,34,8,80,77806,13.0,60.0,3.0,151.28
https://en.khl.ru/players/15999/,2018/2019,11,16,33,34,8,119,74385,27.0,79.0,2.0,149.44
https://en.khl.ru/players/15999/,2019/2020,5,14,27,31,10,100,78314,26.0,84.0,5.0,118.46000000000001
https://en.khl.ru/players/15999/,2020/2021,2,9,27,33,8,44,52676,16.0,65.0,1.0,59.28999999999999
https://en.khl.ru/players/16010/,2014/2015,8,13,30,22,62,120,67527,72.0,31.0,16.0,143.45
https://en.khl.ru/players/16010/,2015/2016,5,11,27,11,36,108,49377,56.0,28.0,8.0,135.07999999999998
https://en.khl.ru/players/16010/,2016/2017,8,14,31,13,61,117,52619,40.0,30.0,4.0,136.64
https://en.khl.ru/players/16010/,2019/2020,3,17,43,24,28,114,59513,35.0,34.0,8.0,162.39
https://en.khl.ru/players/16010/,2020/2021,7,22,38,26,18,127,62769,41.0,47.0,6.0,189.35
https://en.khl.ru/players/16043/,2019/2020,2,9,30,24,4,83,57521,25.0,64.0,4.0,102.94
https://en.khl.ru/players/16080/,2018/2019,2,13,38,31,16,121,70469,24.0,69.0,12.0,138.99
https://en.khl.ru/players/16080/,2019/2020,7,11,34,36,20,157,84488,27.0,84.0,12.0,136.5
https://en.khl.ru/players/16080/,2020/2021,9,11,30,26,12,102,48524,42.0,45.0,6.0,130.81
https://en.khl.ru/players/16082/,2017/2018,8,9,21,15,24,94,52462,53.0,43.0,5.0,115.52
https://en.khl.ru/players/16082/,2018/2019,5,16,51,38,72,153,74116,75.0,65.0,8.0,154.8
https://en.khl.ru/players/16082/,2019/2020,9,8,30,43,47,137,74454,79.0,72.0,11.0,97.63
https://en.khl.ru/players/16082/,2020/2021,2,9,23,13,12,65,29106,26.0,25.0,1.0,87.61
https://en.khl.ru/players/16095/,2014/2015,4,10,35,26,20,63,54691,39.0,33.0,5.0,104.25
https://en.khl.ru/players/16095/,2015/2016,2,9,36,24,14,52,52859,46.0,36.0,4.0,102.57
https://en.khl.ru/players/16095/,2016/2017,4,11,33,29,20,85,57407,34.0,48.0,8.0,110.38
https://en.khl.ru/players/16095/,2020/2021,3,9,37,29,14,64,54000,34.0,64.0,4.0,103.16
https://en.khl.ru/players/16095/,2021/2022,2,15,34,24,18,49,46705,31.0,49.0,8.0,126.0
https://en.khl.ru/players/16186/,2015/2016,3,10,39,44,61,58,66113,59.0,37.0,10.0,64.25
https://en.khl.ru/players/16220/,2014/2015,4,8,46,33,18,72,65035,47.0,52.0,1.0,107.76
https://en.khl.ru/players/16220/,2015/2016,5,7,29,27,8,56,58436,46.0,49.0,3.0,87.53
https://en.khl.ru/players/16220/,2016/2017,10,10,39,28,24,100,63510,48.0,58.0,8.0,145.89
https://en.khl.ru/players/16220/,2017/2018,4,11,31,29,20,78,64254,40.0,61.0,6.0,105.78
https://en.khl.ru/players/16220/,2018/2019,9,6,23,15,6,38,39643,24.0,39.0,5.0,98.96000000000001
https://en.khl.ru/players/16356/,2015/2016,1,11,22,19,22,40,48065,18.0,17.0,8.0,75.78999999999999
https://en.khl.ru/players/16356/,2016/2017,3,17,25,32,22,80,63453,23.0,21.0,3.0,87.76
https://en.khl.ru/players/16356/,2019/2020,3,8,38,33,16,81,64227,45.0,53.0,2.0,92.45
https://en.khl.ru/players/16356/,2020/2021,8,13,38,37,20,105,67653,41.0,37.0,4.0,120.72
https://en.khl.ru/players/16356/,2021/2022,3,12,34,37,20,93,52346,19.0,42.0,3.0,84.06
https://en.khl.ru/players/16365/,2014/2015,5,10,21,18,22,50,30814,58.0,12.0,2.0,84.77
https://en.khl.ru/players/16365/,2015/2016,6,9,26,22,40,86,51123,91.0,32.0,6.0,105.32000000000001
https://en.khl.ru/players/16365/,2017/2018,4,14,35,30,32,114,57331,58.0,42.0,4.0,122.59
https://en.khl.ru/players/16365/,2018/2019,5,7,48,30,30,121,75640,97.0,74.0,3.0,144.37
https://en.khl.ru/players/16365/,2019/2020,4,27,33,20,39,113,59454,70.0,42.0,4.0,191.37
https://en.khl.ru/players/16365/,2020/2021,2,14,26,22,24,80,47863,26.0,64.0,4.0,107.22
https://en.khl.ru/players/16365/,2021/2022,6,13,25,21,26,101,56919,39.0,62.0,0.0,114.02999999999999
https://en.khl.ru/players/16400/,2016/2017,2,10,34,11,56,95,54748,61.0,45.0,8.0,128.53
https://en.khl.ru/players/16400/,2020/2021,7,12,34,21,69,51,50424,20.0,69.0,5.0,101.8
https://en.khl.ru/players/16423/,2015/2016,3,12,28,33,43,83,54742,68.0,58.0,2.0,80.43
https://en.khl.ru/players/16423/,2016/2017,6,13,28,27,8,92,50976,41.0,66.0,5.0,127.03
https://en.khl.ru/players/16423/,2017/2018,9,11,36,29,37,115,58759,56.0,80.0,7.0,140.31
https://en.khl.ru/players/16423/,2018/2019,6,6,24,17,24,96,55460,103.0,74.0,4.0,120.30999999999999
https://en.khl.ru/players/16423/,2019/2020,11,16,44,32,54,160,71455,92.0,112.0,5.0,192.05
https://en.khl.ru/players/16423/,2020/2021,6,12,27,40,51,103,57527,48.0,80.0,6.0,79.16
https://en.khl.ru/players/16441/,2018/2019,3,16,30,27,31,58,51700,31.0,41.0,10.0,114.58
https://en.khl.ru/players/16668/,2018/2019,2,10,33,15,44,83,42122,93.0,36.0,9.0,131.31
https://en.khl.ru/players/16668/,2019/2020,6,10,27,12,32,88,37385,55.0,25.0,7.0,126.85
https://en.khl.ru/players/16668/,2020/2021,6,11,38,25,87,111,52172,83.0,60.0,8.0,119.65
https://en.khl.ru/players/16675/,2018/2019,6,6,41,36,38,100,68424,64.0,60.0,4.0,95.61
https://en.khl.ru/players/16675/,2021/2022,2,10,25,16,27,48,53062,19.0,50.0,2.0,83.29
https://en.khl.ru/players/16683/,2017/2018,2,9,31,8,6,48,33976,15.0,11.0,2.0,109.91
https://en.khl.ru/players/16683/,2018/2019,5,9,29,10,8,56,37494,17.0,26.0,4.0,118.63
https://en.khl.ru/players/16683/,2019/2020,3,13,19,31,16,104,57620,27.0,37.0,6.0,79.87
https://en.khl.ru/players/16683/,2020/2021,3,13,23,43,26,76,60019,26.0,51.0,4.0,51.22
https://en.khl.ru/players/16804/,2014/2015,5,17,29,50,54,121,81074,69.0,61.0,7.0,86.0
https://en.khl.ru/players/16804/,2015/2016,4,8,34,41,32,110,70573,76.0,75.0,5.0,87.35
https://en.khl.ru/players/16804/,2018/2019,4,8,20,44,33,139,71851,55.0,47.0,2.0,38.86000000000001
https://en.khl.ru/players/16968/,2014/2015,3,9,16,14,32,39,34331,48.0,15.0,9.0,75.02
https://en.khl.ru/players/16968/,2016/2017,4,7,20,25,26,57,51235,91.0,39.0,4.0,72.04
https://en.khl.ru/players/17277/,2014/2015,7,16,33,35,44,139,72129,45.0,31.0,8.0,124.42
https://en.khl.ru/players/17277/,2015/2016,11,19,59,47,33,139,81681,23.0,54.0,8.0,184.28
https://en.khl.ru/players/17277/,2016/2017,6,25,36,37,22,116,71341,16.0,39.0,4.0,154.29
https://en.khl.ru/players/17277/,2017/2018,7,22,40,31,34,124,71307,31.0,36.0,13.0,180.8
https://en.khl.ru/players/17277/,2018/2019,8,28,47,46,65,172,75165,27.0,30.0,6.0,169.71
https://en.khl.ru/players/17277/,2019/2020,8,17,44,44,58,106,76427,18.0,37.0,2.0,103.67
https://en.khl.ru/players/17312/,2015/2016,4,12,25,26,12,73,58025,42.0,31.0,13.0,112.92
https://en.khl.ru/players/17312/,2016/2017,7,11,23,34,28,109,63348,86.0,47.0,18.0,121.28
https://en.khl.ru/players/17312/,2021/2022,3,10,29,19,12,83,45047,33.0,48.0,12.0,126.64
https://en.khl.ru/players/17330/,2014/2015,2,11,34,33,28,103,66963,41.0,46.0,3.0,90.31
https://en.khl.ru/players/17330/,2016/2017,5,11,27,22,16,70,48141,56.0,41.0,4.0,111.25999999999999
https://en.khl.ru/players/17330/,2017/2018,3,9,30,30,18,62,48486,29.0,44.0,3.0,75.39
https://en.khl.ru/players/17345/,2017/2018,1,12,30,24,22,51,45536,32.0,56.0,7.0,100.63
https://en.khl.ru/players/17360/,2014/2015,5,7,37,25,22,84,63919,128.0,40.0,6.0,133.98
https://en.khl.ru/players/17360/,2016/2017,5,11,21,29,26,93,58858,87.0,34.0,6.0,94.39
https://en.khl.ru/players/17414/,2018/2019,6,9,41,35,24,93,68158,59.0,68.0,1.0,111.36
https://en.khl.ru/players/17414/,2019/2020,4,7,46,44,38,100,74214,64.0,77.0,9.0,101.33999999999999
https://en.khl.ru/players/17429/,2017/2018,7,9,25,20,33,83,38572,36.0,59.0,5.0,102.22
https://en.khl.ru/players/17429/,2019/2020,2,11,25,23,33,74,44792,46.0,62.0,4.0,89.63
https://en.khl.ru/players/17457/,2017/2018,5,9,31,24,30,78,44550,29.0,52.0,5.0,97.89999999999999
https://en.khl.ru/players/17457/,2019/2020,6,11,21,30,24,140,59584,23.0,46.0,8.0,94.67
https://en.khl.ru/players/17457/,2021/2022,4,17,23,14,12,65,39893,23.0,33.0,5.0,132.4
https://en.khl.ru/players/17459/,2015/2016,5,7,28,17,16,45,44990,47.0,28.0,2.0,92.44
https://en.khl.ru/players/17459/,2016/2017,7,9,40,26,28,56,74489,65.0,64.0,6.0,130.16
https://en.khl.ru/players/17459/,2018/2019,3,12,25,27,28,66,55904,104.0,60.0,4.0,105.78999999999999
https://en.khl.ru/players/17459/,2019/2020,3,15,50,31,12,72,66363,74.0,70.0,2.0,163.54999999999998
https://en.khl.ru/players/17459/,2020/2021,7,14,48,25,30,106,67782,60.0,90.0,4.0,180.7
https://en.khl.ru/players/17533/,2014/2015,8,19,39,34,32,108,76702,22.0,48.0,10.0,155.5
https://en.khl.ru/players/17533/,2015/2016,8,8,29,20,43,134,73370,39.0,60.0,7.0,119.82000000000001
https://en.khl.ru/players/17533/,2016/2017,12,18,36,23,22,119,70700,52.0,61.0,2.0,184.5
https://en.khl.ru/players/17533/,2017/2018,8,12,26,19,22,88,58422,33.0,58.0,3.0,124.16
https://en.khl.ru/players/17533/,2018/2019,6,13,30,23,14,127,67829,78.0,54.0,5.0,151.66
https://en.khl.ru/players/17533/,2019/2020,13,25,51,36,28,130,70758,18.0,64.0,2.0,211.04
https://en.khl.ru/players/17533/,2020/2021,6,20,40,29,14,132,63069,18.0,53.0,4.0,170.85999999999999
https://en.khl.ru/players/17545/,2014/2015,5,20,44,36,26,127,78628,42.0,88.0,6.0,173.16
https://en.khl.ru/players/17545/,2015/2016,3,22,43,21,16,114,74953,29.0,86.0,2.0,195.62
https://en.khl.ru/players/17545/,2016/2017,6,12,28,28,18,124,65480,10.0,78.0,4.0,114.28
https://en.khl.ru/players/17545/,2017/2018,10,25,34,18,10,145,68852,22.0,84.0,2.0,222.79
https://en.khl.ru/players/17545/,2018/2019,4,7,25,22,18,90,56650,31.0,56.0,5.0,89.2
https://en.khl.ru/players/17570/,2015/2016,4,7,32,17,68,55,54074,96.0,61.0,3.0,94.6
https://en.khl.ru/players/17573/,2019/2020,8,18,33,33,34,82,69817,19.0,47.0,4.0,121.74
https://en.khl.ru/players/17573/,2021/2022,3,23,23,25,36,39,45405,8.0,23.0,2.0,99.75999999999999
https://en.khl.ru/players/17580/,2017/2018,7,9,24,26,44,69,49949,55.0,56.0,2.0,77.67999999999999
https://en.khl.ru/players/17580/,2019/2020,6,5,24,21,32,53,52839,71.0,79.0,3.0,84.05
https://en.khl.ru/players/17580/,2020/2021,2,9,21,32,59,37,49059,110.0,73.0,6.0,56.29
https://en.khl.ru/players/17594/,2015/2016,4,7,24,27,46,80,56022,81.0,44.0,4.0,68.4
https://en.khl.ru/players/17594/,2017/2018,9,16,44,32,109,138,64891,122.0,77.0,4.0,148.57
https://en.khl.ru/players/17594/,2018/2019,3,8,31,19,31,100,50103,94.0,59.0,4.0,121.32
https://en.khl.ru/players/17594/,2019/2020,2,10,43,32,36,116,68493,108.0,96.0,5.0,140.84
https://en.khl.ru/players/17594/,2020/2021,3,12,38,41,53,118,75559,77.0,122.0,3.0,107.05
https://en.khl.ru/players/17609/,2016/2017,1,18,45,36,20,111,70078,55.0,68.0,5.0,152.63
https://en.khl.ru/players/17609/,2018/2019,4,11,45,44,22,156,73844,39.0,70.0,4.0,118.92999999999999
https://en.khl.ru/players/17609/,2020/2021,3,17,34,33,42,116,70212,47.0,131.0,3.0,134.75
https://en.khl.ru/players/17609/,2021/2022,5,8,27,22,16,68,46140,25.0,71.0,6.0,100.42
https://en.khl.ru/players/17613/,2015/2016,4,19,41,35,68,99,68916,40.0,41.0,7.0,121.72999999999999
https://en.khl.ru/players/17613/,2020/2021,0,12,29,23,42,59,49076,13.0,65.0,3.0,77.37
https://en.khl.ru/players/17624/,2015/2016,3,10,15,13,19,65,40614,26.0,39.0,7.0,87.89
https://en.khl.ru/players/17624/,2019/2020,4,13,42,26,35,135,70748,82.0,44.0,4.0,152.0
https://en.khl.ru/players/17624/,2020/2021,7,22,43,35,42,125,72600,65.0,68.0,8.0,183.0
https://en.khl.ru/players/17628/,2016/2017,5,29,36,36,56,79,77115,30.0,56.0,9.0,159.6
https://en.khl.ru/players/17628/,2019/2020,10,16,31,31,38,88,71781,32.0,81.0,7.0,135.64
https://en.khl.ru/players/17628/,2020/2021,6,12,30,25,24,63,59785,21.0,55.0,4.0,105.55
https://en.khl.ru/players/17647/,2017/2018,2,9,19,17,42,91,49463,38.0,41.0,2.0,68.62
https://en.khl.ru/players/17647/,2018/2019,10,14,38,41,10,149,80872,30.0,45.0,5.0,138.26999999999998
https://en.khl.ru/players/17647/,2019/2020,4,28,39,45,16,120,80396,33.0,80.0,8.0,177.1
https://en.khl.ru/players/17647/,2020/2021,5,19,43,44,12,112,79447,26.0,64.0,10.0,152.06
https://en.khl.ru/players/17647/,2021/2022,3,11,22,16,10,34,38139,17.0,34.0,3.0,87.89
https://en.khl.ru/players/17704/,2015/2016,10,13,33,28,28,80,50643,64.0,10.0,6.0,128.16
https://en.khl.ru/players/17704/,2019/2020,7,16,36,42,36,118,62388,50.0,53.0,8.0,123.06
https://en.khl.ru/players/17760/,2018/2019,2,10,34,11,12,60,44166,42.0,51.0,2.0,130.85999999999999
https://en.khl.ru/players/17766/,2017/2018,4,8,21,15,27,69,48506,22.0,40.0,7.0,86.65
https://en.khl.ru/players/17766/,2018/2019,10,15,32,27,16,68,50221,26.0,40.0,5.0,134.82
https://en.khl.ru/players/17785/,2017/2018,5,9,38,17,26,58,46923,34.0,29.0,12.0,133.85
https://en.khl.ru/players/17785/,2018/2019,5,15,60,12,10,103,70029,25.0,64.0,13.0,242.19
https://en.khl.ru/players/17904/,2017/2018,3,10,20,22,22,78,57199,41.0,44.0,3.0,79.38
https://en.khl.ru/players/17954/,2016/2017,1,11,31,21,32,72,56529,17.0,43.0,3.0,88.98
https://en.khl.ru/players/17954/,2017/2018,1,10,23,17,22,54,35627,10.0,21.0,3.0,70.52
https://en.khl.ru/players/17954/,2018/2019,5,9,26,21,16,94,48638,30.0,44.0,6.0,105.13
https://en.khl.ru/players/17954/,2019/2020,8,12,40,31,12,111,56809,17.0,48.0,2.0,131.15
https://en.khl.ru/players/17954/,2020/2021,5,19,46,29,20,136,62359,11.0,64.0,3.0,172.91
https://en.khl.ru/players/17954/,2021/2022,7,9,30,20,8,96,51374,22.0,53.0,3.0,120.82
https://en.khl.ru/players/17983/,2016/2017,7,12,37,34,30,78,70243,37.0,67.0,8.0,119.52
https://en.khl.ru/players/17983/,2018/2019,7,17,33,40,26,108,74090,35.0,52.0,9.0,125.62
https://en.khl.ru/players/18/,2014/2015,11,13,37,30,30,112,55231,40.0,37.0,3.0,135.37
https://en.khl.ru/players/18/,2015/2016,6,6,18,15,18,68,24648,8.0,16.0,1.0,61.949999999999996
https://en.khl.ru/players/18/,2016/2017,5,10,30,16,20,95,48677,15.0,27.0,0.0,106.57
https://en.khl.ru/players/18/,2017/2018,5,10,22,25,16,162,53042,10.0,52.0,3.0,98.05
https://en.khl.ru/players/18/,2018/2019,6,14,36,29,18,190,63453,10.0,34.0,3.0,139.57
https://en.khl.ru/players/18/,2019/2020,6,7,23,11,12,121,32387,2.0,21.0,0.0,97.64
https://en.khl.ru/players/18686/,2015/2016,9,18,27,21,8,86,41244,16.0,23.0,6.0,149.29
https://en.khl.ru/players/18686/,2018/2019,2,9,15,9,6,72,32827,15.0,26.0,5.0,88.14
https://en.khl.ru/players/18686/,2019/2020,5,7,24,30,10,77,49026,17.0,45.0,8.0,73.96
https://en.khl.ru/players/18686/,2020/2021,6,9,35,28,16,82,51382,25.0,56.0,7.0,113.38000000000001
https://en.khl.ru/players/18686/,2021/2022,5,11,34,30,24,112,61172,33.0,75.0,8.0,123.17999999999999
https://en.khl.ru/players/18732/,2015/2016,8,10,24,31,64,72,62524,72.0,54.0,11.0,84.53
https://en.khl.ru/players/18732/,2016/2017,10,14,31,33,56,118,71744,77.0,57.0,13.0,137.95
https://en.khl.ru/players/18742/,2017/2018,9,17,39,22,48,189,69760,32.0,71.0,3.0,179.23
https://en.khl.ru/players/18742/,2018/2019,9,14,29,29,35,161,64835,27.0,72.0,4.0,133.11
https://en.khl.ru/players/18742/,2019/2020,7,12,35,29,33,99,61993,22.0,49.0,5.0,114.31
https://en.khl.ru/players/18744/,2018/2019,4,10,28,25,36,49,66258,32.0,45.0,4.0,78.22
https://en.khl.ru/players/18774/,2014/2015,3,17,31,21,16,98,61667,9.0,40.0,4.0,132.91
https://en.khl.ru/players/18774/,2015/2016,9,19,24,35,32,157,71048,22.0,55.0,5.0,127.68
https://en.khl.ru/players/18774/,2016/2017,10,6,27,33,16,150,57093,14.0,40.0,6.0,91.39
https://en.khl.ru/players/18774/,2017/2018,6,20,29,31,10,160,66226,12.0,81.0,6.0,160.39
https://en.khl.ru/players/18774/,2018/2019,10,18,38,52,44,167,77557,14.0,54.0,8.0,119.56
https://en.khl.ru/players/18774/,2019/2020,4,21,28,42,6,161,81772,8.0,79.0,3.0,129.29999999999998
https://en.khl.ru/players/18900/,2019/2020,13,9,48,13,22,93,65426,56.0,61.0,8.0,203.15
https://en.khl.ru/players/18916/,2016/2017,3,8,33,36,46,106,69908,54.0,60.0,7.0,77.46
https://en.khl.ru/players/18953/,2014/2015,7,5,23,15,20,42,29753,25.0,30.0,2.0,74.64999999999999
https://en.khl.ru/players/18953/,2015/2016,3,10,22,14,28,51,49280,27.0,57.0,3.0,89.82
https://en.khl.ru/players/18977/,2017/2018,3,8,27,30,10,59,47372,15.0,44.0,6.0,70.24
https://en.khl.ru/players/18977/,2020/2021,5,11,37,18,23,77,55807,16.0,59.0,6.0,134.73
https://en.khl.ru/players/18986/,2018/2019,7,10,39,24,8,110,70452,10.0,75.0,5.0,144.38
https://en.khl.ru/players/18986/,2019/2020,1,12,40,27,18,124,81831,5.0,161.0,8.0,153.29
https://en.khl.ru/players/18986/,2020/2021,4,9,25,15,8,49,39205,16.0,78.0,5.0,109.41
https://en.khl.ru/players/18986/,2021/2022,3,8,26,22,16,62,49177,14.0,92.0,7.0,94.89
https://en.khl.ru/players/19012/,2017/2018,9,21,42,28,46,163,72638,25.0,70.0,11.0,197.41
https://en.khl.ru/players/19012/,2018/2019,5,20,28,29,67,153,74231,46.0,60.0,10.0,137.61
https://en.khl.ru/players/19012/,2021/2022,3,11,24,26,30,110,61805,54.0,90.0,7.0,108.36
https://en.khl.ru/players/19062/,2017/2018,3,13,32,30,24,91,68538,31.0,66.0,5.0,108.49
https://en.khl.ru/players/19062/,2018/2019,0,12,27,36,22,85,76139,51.0,69.0,3.0,75.42999999999999
https://en.khl.ru/players/19242/,2017/2018,5,11,30,47,44,101,63154,45.0,59.0,6.0,61.8
https://en.khl.ru/players/19242/,2018/2019,8,16,27,21,20,136,67071,57.0,52.0,12.0,172.22
https://en.khl.ru/players/19242/,2019/2020,5,21,39,25,32,122,74693,45.0,81.0,11.0,193.07999999999998
https://en.khl.ru/players/19247/,2020/2021,10,10,33,27,50,149,58961,87.0,28.0,8.0,135.24
https://en.khl.ru/players/19264/,2014/2015,4,10,34,31,24,82,66606,49.0,38.0,4.0,95.99
https://en.khl.ru/players/19264/,2015/2016,10,15,34,27,45,127,69971,32.0,59.0,8.0,147.32
https://en.khl.ru/players/19264/,2016/2017,3,16,24,43,37,106,64325,30.0,59.0,6.0,72.69
https://en.khl.ru/players/19403/,2016/2017,0,11,23,12,28,61,49392,92.0,54.0,3.0,111.85
https://en.khl.ru/players/19411/,2020/2021,4,10,30,27,28,40,50455,19.0,57.0,5.0,81.88
https://en.khl.ru/players/19512/,2018/2019,5,6,22,25,8,44,39092,17.0,27.0,1.0,52.66
https://en.khl.ru/players/19512/,2019/2020,7,8,19,33,8,76,60709,11.0,34.0,12.0,70.84
https://en.khl.ru/players/19520/,2014/2015,2,25,35,34,14,86,74481,24.0,66.0,1.0,148.09
https://en.khl.ru/players/19520/,2015/2016,3,13,30,28,20,61,48219,15.0,42.0,3.0,89.97
https://en.khl.ru/players/19520/,2016/2017,6,7,26,28,26,85,64662,14.0,59.0,9.0,82.17999999999999
https://en.khl.ru/players/19530/,2016/2017,5,10,13,12,6,74,22323,8.0,20.0,1.0,80.08
https://en.khl.ru/players/19530/,2017/2018,7,12,28,20,28,118,40941,34.0,38.0,2.0,120.32
https://en.khl.ru/players/19530/,2019/2020,9,22,48,28,72,129,63146,26.0,57.0,1.0,170.85
https://en.khl.ru/players/19530/,2020/2021,12,14,39,28,36,148,62926,25.0,60.0,2.0,154.56
https://en.khl.ru/players/19530/,2021/2022,3,9,17,15,32,69,45297,26.0,43.0,3.0,71.05
https://en.khl.ru/players/19571/,2019/2020,1,11,34,28,22,106,60559,6.0,65.0,4.0,98.05
https://en.khl.ru/players/19627/,2014/2015,8,15,46,24,34,107,74284,105.0,81.0,4.0,194.3
https://en.khl.ru/players/19627/,2015/2016,1,11,28,40,55,96,75572,75.0,78.0,10.0,73.65
https://en.khl.ru/players/19627/,2016/2017,9,6,36,32,25,105,79536,93.0,84.0,6.0,128.18
https://en.khl.ru/players/19627/,2017/2018,7,10,27,26,32,102,69017,55.0,78.0,6.0,114.86
https://en.khl.ru/players/19627/,2018/2019,4,9,30,28,12,88,56384,52.0,55.0,2.0,99.00999999999999
https://en.khl.ru/players/19761/,2018/2019,2,15,28,38,63,101,69686,84.0,75.0,13.0,100.92999999999999
https://en.khl.ru/players/19761/,2021/2022,8,10,27,34,23,76,51329,48.0,73.0,10.0,104.76
https://en.khl.ru/players/20124/,2016/2017,3,20,19,22,22,105,58952,45.0,48.0,4.0,128.04
https://en.khl.ru/players/20462/,2020/2021,3,8,29,24,54,94,61868,63.0,86.0,3.0,87.99
https://en.khl.ru/players/20511/,2016/2017,1,15,25,34,12,83,59291,23.0,34.0,4.0,81.01
https://en.khl.ru/players/20511/,2020/2021,5,12,28,29,12,62,50220,7.0,43.0,6.0,93.50999999999999
https://en.khl.ru/players/20521/,2016/2017,2,11,23,39,60,53,66520,28.0,59.0,9.0,35.61000000000001
https://en.khl.ru/players/20642/,2016/2017,3,9,20,14,22,45,40809,23.0,55.0,6.0,87.42
https://en.khl.ru/players/20642/,2017/2018,4,7,23,19,28,45,40296,27.0,52.0,10.0,82.55
https://en.khl.ru/players/20680/,2015/2016,3,10,19,15,10,43,46429,11.0,42.0,6.0,87.12
https://en.khl.ru/players/20680/,2017/2018,5,16,32,20,18,81,54921,22.0,80.0,10.0,158.23999999999998
https://en.khl.ru/players/20680/,2018/2019,7,4,42,21,10,67,56846,19.0,72.0,2.0,118.21
https://en.khl.ru/players/20708/,2016/2017,4,33,41,39,38,103,78644,8.0,46.0,8.0,182.48
https://en.khl.ru/players/20708/,2017/2018,6,27,27,37,54,107,71921,16.0,57.0,8.0,134.72
https://en.khl.ru/players/20708/,2018/2019,2,11,18,18,14,20,32617,1.0,28.0,2.0,59.099999999999994
https://en.khl.ru/players/20708/,2019/2020,8,17,35,44,20,82,67499,6.0,35.0,9.0,109.72999999999999
https://en.khl.ru/players/20717/,2014/2015,5,10,23,31,14,77,50574,42.0,26.0,4.0,75.13
https://en.khl.ru/players/20717/,2015/2016,7,9,30,36,20,76,68403,48.0,49.0,4.0,85.03
https://en.khl.ru/players/20717/,2016/2017,5,14,26,33,33,77,68291,35.0,50.0,5.0,88.49
https://en.khl.ru/players/20721/,2014/2015,9,37,45,33,55,171,85225,25.0,33.0,14.0,252.17999999999998
https://en.khl.ru/players/20721/,2015/2016,9,28,58,34,38,142,90063,23.0,34.0,12.0,240.31
https://en.khl.ru/players/20721/,2016/2017,14,51,58,44,46,143,89679,15.0,41.0,9.0,317.71
https://en.khl.ru/players/20744/,2014/2015,10,12,27,9,37,76,45988,46.0,54.0,4.0,146.1
https://en.khl.ru/players/20744/,2015/2016,14,24,60,29,18,119,77204,81.0,100.0,11.0,290.08
https://en.khl.ru/players/20744/,2016/2017,7,14,37,18,30,117,74689,69.0,100.0,8.0,186.44
https://en.khl.ru/players/20744/,2017/2018,6,16,34,9,47,67,49366,28.0,42.0,6.0,153.73
https://en.khl.ru/players/20744/,2018/2019,5,11,39,14,22,67,64432,51.0,62.0,4.0,152.81
https://en.khl.ru/players/20744/,2019/2020,1,20,50,15,12,95,70115,32.0,87.0,5.0,213.65
https://en.khl.ru/players/20744/,2020/2021,5,12,39,24,24,63,63021,29.0,82.0,3.0,130.87
https://en.khl.ru/players/20930/,2016/2017,6,19,30,43,22,78,58422,34.0,22.0,8.0,104.71
https://en.khl.ru/players/20939/,2014/2015,6,33,49,41,6,140,94045,8.0,71.0,6.0,229.88
https://en.khl.ru/players/20939/,2015/2016,11,22,51,49,16,164,89516,3.0,70.0,9.0,190.45
https://en.khl.ru/players/21011/,2021/2022,5,8,30,29,24,106,55770,18.0,46.0,4.0,84.5
https://en.khl.ru/players/21253/,2017/2018,2,12,33,23,20,50,39923,2.0,32.0,4.0,92.92999999999999
https://en.khl.ru/players/21802/,2016/2017,2,10,28,20,10,61,60695,22.0,50.0,7.0,104.00999999999999
https://en.khl.ru/players/21802/,2019/2020,6,15,29,15,18,72,48594,28.0,42.0,5.0,142.43
https://en.khl.ru/players/21802/,2020/2021,6,9,38,18,18,101,53715,27.0,61.0,9.0,148.85
https://en.khl.ru/players/22004/,2015/2016,9,31,36,36,75,119,65647,41.0,45.0,5.0,170.5
https://en.khl.ru/players/22004/,2016/2017,6,10,17,34,46,107,52861,47.0,40.0,2.0,48.56
https://en.khl.ru/players/22140/,2014/2015,8,14,36,44,14,88,61149,24.0,36.0,4.0,100.64
https://en.khl.ru/players/22140/,2015/2016,4,17,24,40,16,89,58942,16.0,60.0,1.0,81.1
https://en.khl.ru/players/22147/,2014/2015,11,26,57,49,49,142,95403,39.0,57.0,13.0,210.58
https://en.khl.ru/players/22147/,2015/2016,6,25,35,35,34,106,67508,24.0,36.0,7.0,154.33
https://en.khl.ru/players/22147/,2017/2018,11,19,36,34,41,162,66587,27.0,63.0,10.0,169.54999999999998
https://en.khl.ru/players/22147/,2018/2019,7,17,30,52,39,150,81162,42.0,62.0,10.0,102.6
https://en.khl.ru/players/22147/,2019/2020,11,14,36,28,20,101,45995,11.0,41.0,3.0,137.28
https://en.khl.ru/players/22147/,2020/2021,13,22,44,38,24,159,63066,13.0,50.0,13.0,203.72
https://en.khl.ru/players/22147/,2021/2022,6,36,46,36,28,118,63270,16.0,61.0,7.0,230.43
https://en.khl.ru/players/22260/,2014/2015,6,16,42,36,18,117,82248,14.0,55.0,2.0,134.42
https://en.khl.ru/players/22260/,2016/2017,3,16,36,27,20,72,60727,14.0,47.0,5.0,124.07
https://en.khl.ru/players/22260/,2017/2018,2,21,24,22,24,75,58127,10.0,60.0,6.0,128.55
https://en.khl.ru/players/22308/,2014/2015,6,19,34,56,34,112,73880,45.0,57.0,10.0,102.34
https://en.khl.ru/players/22308/,2015/2016,11,25,42,33,37,169,64155,23.0,20.0,9.0,199.44
https://en.khl.ru/players/22308/,2017/2018,11,27,44,34,16,172,80279,54.0,66.0,9.0,242.48
https://en.khl.ru/players/22308/,2018/2019,9,17,32,33,14,119,71791,22.0,55.0,5.0,142.56
https://en.khl.ru/players/22308/,2019/2020,9,23,37,37,12,135,75995,35.0,59.0,8.0,184.39
https://en.khl.ru/players/22308/,2020/2021,10,25,47,36,8,113,56015,25.0,31.0,2.0,195.65
https://en.khl.ru/players/22308/,2021/2022,4,13,21,23,12,56,37888,11.0,23.0,3.0,81.72
https://en.khl.ru/players/22365/,2016/2017,4,7,23,24,34,43,52631,62.0,75.0,2.0,69.42
https://en.khl.ru/players/22367/,2014/2015,16,17,35,30,28,184,66060,44.0,41.0,6.0,186.46
https://en.khl.ru/players/22367/,2015/2016,4,8,29,13,16,135,61507,31.0,46.0,4.0,127.16
https://en.khl.ru/players/22367/,2016/2017,5,9,15,7,4,70,28705,17.0,31.0,4.0,101.55
https://en.khl.ru/players/22367/,2017/2018,14,21,36,18,20,149,46991,15.0,29.0,4.0,205.82
https://en.khl.ru/players/22367/,2018/2019,14,19,33,18,6,124,44109,12.0,27.0,4.0,192.38
https://en.khl.ru/players/22367/,2019/2020,8,14,38,36,14,150,64849,16.0,65.0,1.0,134.17
https://en.khl.ru/players/22449/,2014/2015,9,24,45,42,14,196,85367,15.0,52.0,9.0,201.85
https://en.khl.ru/players/22449/,2015/2016,6,9,31,35,12,145,64653,17.0,41.0,3.0,93.33999999999999
https://en.khl.ru/players/22449/,2016/2017,7,31,33,51,8,206,86152,11.0,100.0,2.0,183.79
https://en.khl.ru/players/22449/,2017/2018,7,20,42,22,10,172,69254,10.0,39.0,3.0,195.99
https://en.khl.ru/players/22801/,2014/2015,9,14,33,33,30,86,74359,13.0,57.0,12.0,126.72
https://en.khl.ru/players/22801/,2015/2016,9,20,44,40,8,138,69232,16.0,45.0,5.0,169.43
https://en.khl.ru/players/22801/,2016/2017,7,18,31,25,43,119,64674,6.0,32.0,6.0,130.38
https://en.khl.ru/players/22801/,2017/2018,5,19,31,40,30,99,78799,6.0,59.0,9.0,112.78999999999999
https://en.khl.ru/players/22801/,2019/2020,6,25,46,48,22,128,82616,2.0,77.0,10.0,171.61
https://en.khl.ru/players/22801/,2020/2021,3,22,41,25,27,138,81101,9.0,92.0,7.0,186.92
https://en.khl.ru/players/23227/,2019/2020,3,11,24,19,39,56,54769,98.0,55.0,6.0,108.3
https://en.khl.ru/players/23317/,2014/2015,0,11,29,18,18,58,39064,26.0,22.0,5.0,94.15
https://en.khl.ru/players/23317/,2015/2016,7,13,49,49,35,118,87431,21.0,66.0,27.0,154.10999999999999
https://en.khl.ru/players/23317/,2016/2017,6,10,23,20,53,93,49157,10.0,36.0,6.0,78.74000000000001
https://en.khl.ru/players/23317/,2017/2018,5,9,26,20,30,72,56091,20.0,49.0,13.0,105.48
https://en.khl.ru/players/23446/,2019/2020,1,11,24,30,26,73,67792,27.0,61.0,0.0,60.9
https://en.khl.ru/players/23446/,2020/2021,1,11,31,20,16,52,51350,21.0,64.0,5.0,105.62
https://en.khl.ru/players/23471/,2020/2021,2,12,29,19,10,54,49019,25.0,66.0,8.0,121.38
https://en.khl.ru/players/23486/,2021/2022,4,9,31,20,12,42,46657,27.0,33.0,5.0,100.46
https://en.khl.ru/players/23611/,2016/2017,2,13,33,28,32,81,57302,46.0,24.0,6.0,101.2
https://en.khl.ru/players/23611/,2018/2019,3,8,36,25,16,80,53638,35.0,39.0,8.0,109.17
https://en.khl.ru/players/23631/,2015/2016,6,18,33,24,51,124,74758,39.0,69.0,13.0,161.62
https://en.khl.ru/players/23631/,2016/2017,8,5,17,25,20,92,48091,21.0,38.0,8.0,66.89
https://en.khl.ru/players/23631/,2017/2018,2,11,23,26,30,97,61999,34.0,66.0,7.0,88.93
https://en.khl.ru/players/24048/,2018/2019,1,10,18,25,16,43,43673,14.0,37.0,9.0,60.370000000000005
https://en.khl.ru/players/24048/,2019/2020,5,8,19,32,18,83,51277,13.0,56.0,6.0,57.85999999999999
https://en.khl.ru/players/24142/,2015/2016,8,22,44,31,45,135,84872,40.0,63.0,11.0,193.78
https://en.khl.ru/players/24142/,2016/2017,2,19,15,23,20,86,55260,27.0,51.0,6.0,106.61
https://en.khl.ru/players/24142/,2017/2018,1,21,28,32,4,113,86823,14.0,81.0,6.0,139.55
https://en.khl.ru/players/24653/,2016/2017,4,9,21,30,63,73,42276,28.0,36.0,1.0,29.999999999999996
https://en.khl.ru/players/24653/,2017/2018,6,11,25,35,46,129,61297,26.0,82.0,3.0,78.29
https://en.khl.ru/players/24849/,2019/2020,3,9,24,32,36,76,54644,65.0,32.0,12.0,75.34
https://en.khl.ru/players/24854/,2016/2017,6,22,28,27,32,114,72694,22.0,58.0,6.0,149.4
https://en.khl.ru/players/24854/,2018/2019,7,19,33,47,49,125,80741,29.0,55.0,7.0,105.33
https://en.khl.ru/players/24913/,2018/2019,2,11,41,19,93,60,54526,82.0,55.0,6.0,107.09
https://en.khl.ru/players/25314/,2018/2019,11,35,31,44,22,147,68796,16.0,40.0,7.0,197.07
https://en.khl.ru/players/25314/,2020/2021,4,11,17,25,13,90,39118,14.0,10.0,3.0,65.56
https://en.khl.ru/players/25699/,2020/2021,3,10,20,8,20,36,34016,3.0,30.0,3.0,85.74
https://en.khl.ru/players/26646/,2020/2021,5,14,25,27,16,87,61448,50.0,99.0,5.0,126.72
https://en.khl.ru/players/26646/,2021/2022,5,6,31,15,2,56,40482,32.0,41.0,3.0,109.86
https://en.khl.ru/players/27236/,2018/2019,3,16,28,24,30,89,63280,35.0,45.0,5.0,116.86
https://en.khl.ru/players/27236/,2019/2020,2,18,36,31,56,96,68308,65.0,47.0,7.0,124.33999999999999
https://en.khl.ru/players/27236/,2021/2022,5,19,37,32,20,98,57179,44.0,47.0,10.0,157.5
https://en.khl.ru/players/27268/,2017/2018,7,12,34,35,51,126,52725,43.0,45.0,7.0,104.29
https://en.khl.ru/players/27268/,2018/2019,15,38,75,45,59,252,88350,99.0,74.0,10.0,352.25
https://en.khl.ru/players/27268/,2019/2020,11,21,35,37,65,220,74853,48.0,51.0,7.0,166.22
https://en.khl.ru/players/27268/,2020/2021,17,20,39,55,69,201,75997,47.0,63.0,16.0,163.45
https://en.khl.ru/players/27268/,2021/2022,10,13,28,45,33,151,60929,48.0,59.0,7.0,104.21000000000001
https://en.khl.ru/players/296/,2014/2015,2,14,30,29,26,69,54393,55.0,35.0,4.0,99.21
https://en.khl.ru/players/296/,2017/2018,6,13,24,30,16,76,56035,21.0,44.0,3.0,89.51
https://en.khl.ru/players/296/,2018/2019,2,12,31,28,45,63,64262,26.0,44.0,4.0,76.82
https://en.khl.ru/players/296/,2019/2020,1,14,20,29,14,74,55489,32.0,51.0,3.0,78.31
https://en.khl.ru/players/30088/,2018/2019,3,13,28,30,20,50,49126,45.0,27.0,6.0,89.76
https://en.khl.ru/players/30088/,2019/2020,5,7,27,31,48,89,70263,38.0,50.0,10.0,70.22
https://en.khl.ru/players/30692/,2020/2021,7,10,34,29,26,87,59528,82.0,62.0,7.0,129.53
https://en.khl.ru/players/30692/,2021/2022,5,9,31,35,34,87,55169,90.0,56.0,7.0,97.25
https://en.khl.ru/players/31415/,2018/2019,7,10,42,34,67,81,58135,32.0,37.0,8.0,92.91
https://en.khl.ru/players/31415/,2020/2021,3,16,52,35,41,68,70032,26.0,41.0,7.0,134.51999999999998
https://en.khl.ru/players/31436/,2018/2019,2,9,30,6,22,64,55343,43.0,31.0,1.0,117.39
https://en.khl.ru/players/31436/,2020/2021,2,12,45,16,16,58,54335,21.0,37.0,4.0,143.66
https://en.khl.ru/players/31481/,2018/2019,13,23,49,40,52,214,64984,16.0,55.0,5.0,197.91
https://en.khl.ru/players/31481/,2019/2020,5,14,30,17,14,77,45765,23.0,45.0,9.0,143.44
https://en.khl.ru/players/31481/,2020/2021,6,15,37,35,28,127,56269,49.0,58.0,5.0,134.6
https://en.khl.ru/players/31481/,2021/2022,5,7,22,19,17,70,29079,17.0,20.0,4.0,73.50999999999999
https://en.khl.ru/players/32057/,2018/2019,6,6,28,36,68,76,57407,57.0,42.0,4.0,39.19
https://en.khl.ru/players/32057/,2019/2020,3,8,37,31,56,68,68193,80.0,63.0,2.0,81.33
https://en.khl.ru/players/32117/,2018/2019,7,19,45,58,36,146,79705,12.0,60.0,5.0,112.86999999999999
https://en.khl.ru/players/32117/,2021/2022,10,15,28,29,22,75,49844,5.0,14.0,7.0,111.63
https://en.khl.ru/players/34700/,2019/2020,2,11,21,9,8,42,29672,11.0,20.0,4.0,96.93
https://en.khl.ru/players/34700/,2020/2021,4,16,27,15,10,72,45438,24.0,20.0,9.0,141.94
https://en.khl.ru/players/34700/,2021/2022,4,15,24,33,14,61,50842,17.0,27.0,11.0,92.99
https://en.khl.ru/players/34724/,2019/2020,2,11,32,25,32,60,59176,18.0,66.0,7.0,96.24
https://en.khl.ru/players/3541/,2014/2015,3,22,34,14,40,104,63854,50.0,47.0,6.0,179.04
https://en.khl.ru/players/3541/,2015/2016,3,16,25,16,46,83,51805,40.0,41.0,5.0,117.0
https://en.khl.ru/players/3541/,2016/2017,7,18,32,13,44,99,54032,45.0,42.0,4.0,162.31
https://en.khl.ru/players/35843/,2019/2020,3,9,32,30,20,105,52216,18.0,34.0,5.0,86.03999999999999
https://en.khl.ru/players/35843/,2020/2021,9,16,32,47,18,155,64014,14.0,59.0,1.0,106.59
https://en.khl.ru/players/35843/,2021/2022,6,18,28,61,24,128,65928,22.0,54.0,2.0,62.36
https://en.khl.ru/players/372/,2014/2015,3,8,24,35,45,115,64834,100.0,46.0,8.0,74.71
https://en.khl.ru/players/372/,2017/2018,9,14,33,27,28,138,68358,78.0,54.0,5.0,156.98
https://en.khl.ru/players/392/,2015/2016,10,10,34,45,18,102,78536,46.0,45.0,3.0,91.22999999999999
https://en.khl.ru/players/3941/,2014/2015,4,7,31,18,34,50,54114,23.0,49.0,9.0,95.62
https://en.khl.ru/players/3989/,2017/2018,4,12,27,26,22,57,58507,27.0,89.0,6.0,104.72
https://en.khl.ru/players/3989/,2018/2019,2,10,31,20,28,49,51964,48.0,79.0,4.0,106.50999999999999
https://en.khl.ru/players/43/,2015/2016,0,12,35,22,47,52,63751,77.0,67.0,9.0,117.84
https://en.khl.ru/players/4486/,2014/2015,5,11,23,37,49,84,63660,63.0,80.0,2.0,63.839999999999996
https://en.khl.ru/players/4486/,2016/2017,7,12,29,35,62,128,77983,58.0,93.0,3.0,96.36
https://en.khl.ru/players/4486/,2017/2018,3,12,22,28,43,94,56576,39.0,60.0,3.0,74.26999999999998
https://en.khl.ru/players/4804/,2014/2015,4,7,31,19,54,59,44103,32.0,54.0,2.0,75.14
https://en.khl.ru/players/4804/,2015/2016,2,10,33,16,20,72,55495,31.0,76.0,7.0,128.47
https://en.khl.ru/players/516/,2015/2016,5,8,29,22,30,93,59252,91.0,66.0,4.0,116.48
https://en.khl.ru/players/516/,2016/2017,2,12,22,25,22,74,56102,45.0,74.0,6.0,95.72999999999999
https://en.khl.ru/players/516/,2017/2018,1,10,40,26,20,64,53694,25.0,52.0,0.0,97.83
https://en.khl.ru/players/5457/,2014/2015,2,11,19,12,24,43,36756,14.0,24.0,2.0,75.76
https://en.khl.ru/players/5457/,2015/2016,5,16,42,27,56,96,63488,19.0,51.0,6.0,131.60999999999999
https://en.khl.ru/players/5457/,2016/2017,4,13,23,20,24,92,59763,17.0,36.0,1.0,94.44
https://en.khl.ru/players/5524/,2021/2022,4,7,23,13,27,46,39201,65.0,46.0,8.0,101.61999999999999
https://en.khl.ru/players/5606/,2014/2015,4,13,25,29,54,85,62624,56.0,32.0,6.0,81.02
https://en.khl.ru/players/5636/,2015/2016,4,7,13,13,83,38,39647,53.0,34.0,6.0,36.620000000000005
https://en.khl.ru/players/5851/,2014/2015,7,13,43,42,29,85,73603,47.0,80.0,10.0,131.7
https://en.khl.ru/players/6155/,2015/2016,5,8,21,30,43,68,57450,31.0,44.0,11.0,60.17999999999999
https://en.khl.ru/players/6340/,2014/2015,2,10,25,34,68,64,73684,32.0,53.0,5.0,36.34
https://en.khl.ru/players/6340/,2016/2017,3,8,22,28,56,57,63973,80.0,54.0,3.0,52.81
https://en.khl.ru/players/6342/,2014/2015,13,15,40,22,44,156,70018,68.0,42.0,12.0,199.67
https://en.khl.ru/players/6342/,2015/2016,6,11,24,18,18,67,42880,30.0,39.0,3.0,104.34
https://en.khl.ru/players/6342/,2016/2017,7,16,33,24,36,104,58211,28.0,54.0,6.0,140.87
https://en.khl.ru/players/6342/,2017/2018,12,15,39,33,28,138,74325,40.0,66.0,14.0,178.46
https://en.khl.ru/players/6342/,2018/2019,9,15,36,30,55,135,73664,47.0,65.0,8.0,144.37
https://en.khl.ru/players/6347/,2014/2015,18,30,39,32,30,126,62771,14.0,13.0,9.0,225.95999999999998
https://en.khl.ru/players/6347/,2015/2016,2,20,18,27,32,68,41115,6.0,10.0,2.0,74.8
https://en.khl.ru/players/6347/,2016/2017,12,17,41,33,14,151,67770,8.0,23.0,5.0,165.67
https://en.khl.ru/players/6347/,2017/2018,3,13,22,34,10,55,42717,6.0,21.0,5.0,60.959999999999994
https://en.khl.ru/players/6519/,2014/2015,0,11,21,13,28,34,47088,26.0,31.0,4.0,76.75999999999999
https://en.khl.ru/players/9476/,2018/2019,5,14,35,34,20,76,61070,98.0,72.0,10.0,145.49
https://en.khl.ru/players/9476/,2020/2021,6,15,39,41,46,77,75752,93.0,135.0,13.0,151.12
https://en.khl.ru/players/9849/,2014/2015,1,11,32,6,8,46,40423,26.0,34.0,2.0,128.59
https://en.khl.ru/players/9851/,2015/2016,5,11,25,29,18,52,54258,65.0,85.0,7.0,106.14
